Hour,Temperature(째C),Humidity(%),Wind speed (m/s),Visibility (10m),Dew point temperature(째C),Solar Radiation (MJ/m2),Seasons,Holiday,Functioning Day,Year,Month,Day,Weekday,Rain_yn,Snow_yn,Predicted_Rented_Bike_Count
0,5.7,62,2.3,1909,-1.0,0.0,Autumn,No Holiday,Yes,2018,11,1,3,0,0,423
1,5.1,65,1.6,1932,-0.9,0.0,Autumn,No Holiday,Yes,2018,11,1,3,0,0,375
2,4.4,64,1.4,2000,-1.8,0.0,Autumn,No Holiday,Yes,2018,11,1,3,0,0,275
3,4.2,65,0.7,1962,-1.8,0.0,Autumn,No Holiday,Yes,2018,11,1,3,0,0,182
4,3.6,70,0.8,1934,-1.3,0.0,Autumn,No Holiday,Yes,2018,11,1,3,0,0,145
5,3.3,72,0.0,1946,-1.2,0.0,Autumn,No Holiday,Yes,2018,11,1,3,0,0,155
6,2.9,75,0.2,1761,-1.1,0.0,Autumn,No Holiday,Yes,2018,11,1,3,0,0,308
7,2.5,75,0.5,1763,-1.4,0.0,Autumn,No Holiday,Yes,2018,11,1,3,0,0,977
8,2.8,74,0.9,1366,-1.3,0.13,Autumn,No Holiday,Yes,2018,11,1,3,0,0,1410
9,4.7,60,0.9,1219,-2.4,0.82,Autumn,No Holiday,Yes,2018,11,1,3,0,0,1009
10,8.1,51,0.7,1100,-1.4,1.38,Autumn,No Holiday,Yes,2018,11,1,3,0,0,845
11,11.1,46,1.6,1518,-0.1,1.84,Autumn,No Holiday,Yes,2018,11,1,3,0,0,809
12,12.6,36,2.6,1785,-2.1,2.14,Autumn,No Holiday,Yes,2018,11,1,3,0,0,967
13,13.6,32,1.8,1814,-2.8,2.22,Autumn,No Holiday,Yes,2018,11,1,3,0,0,1055
14,14.9,31,2.5,1872,-2.1,2.06,Autumn,No Holiday,Yes,2018,11,1,3,0,0,1060
15,14.8,30,2.7,1990,-2.6,1.71,Autumn,No Holiday,Yes,2018,11,1,3,0,0,1140
16,14.7,32,2.0,1934,-1.8,1.13,Autumn,No Holiday,Yes,2018,11,1,3,0,0,1366
17,13.7,37,1.4,2000,-0.7,0.49,Autumn,No Holiday,Yes,2018,11,1,3,0,0,1749
18,11.8,43,1.3,1995,-0.3,0.03,Autumn,No Holiday,Yes,2018,11,1,3,0,0,1736
19,10.5,49,1.2,1965,0.2,0.0,Autumn,No Holiday,Yes,2018,11,1,3,0,0,1323
20,9.840848466703632,53,1.7,1868,0.7,0.0,Autumn,No Holiday,Yes,2018,11,1,3,0,0,1196
21,9.3,54,1.1,1975,0.4,0.0,Autumn,No Holiday,Yes,2018,11,1,3,0,0,1190
22,8.3,61,0.2,1809,1.2,0.0,Autumn,No Holiday,Yes,2018,11,1,3,0,0,1044
23,7.8,63,0.4,1547,1.1,0.0,Autumn,No Holiday,Yes,2018,11,1,3,0,0,807
0,7.2,64,1.0,1639,0.8,0.0,Autumn,No Holiday,Yes,2018,11,2,4,0,0,544
1,6.6,69,0.0,1512,1.3,0.0,Autumn,No Holiday,Yes,2018,11,2,4,0,0,461
2,6.1,68,0.5,1519,0.6,0.0,Autumn,No Holiday,Yes,2018,11,2,4,0,0,323
3,5.7,72,0.8,1368,1.0,0.0,Autumn,No Holiday,Yes,2018,11,2,4,0,0,221
4,5.2,74,1.3,1386,0.9,0.0,Autumn,No Holiday,Yes,2018,11,2,4,0,0,147
5,4.8,75,0.7,1471,0.7,0.0,Autumn,No Holiday,Yes,2018,11,2,4,0,0,140
6,4.5,77,1.0,1410,0.8,0.0,Autumn,No Holiday,Yes,2018,11,2,4,0,0,286
7,4.0353093998645955,75,0.8,1143,0.0,0.0,Autumn,No Holiday,Yes,2018,11,2,4,0,0,941
8,4.7,72,1.0,1306,0.0,0.12,Autumn,No Holiday,Yes,2018,11,2,4,0,0,1356
9,7.0,57,0.7,1553,-0.9,0.79,Autumn,No Holiday,Yes,2018,11,2,4,0,0,983
10,10.0,49,1.2,1411,-0.2,1.4,Autumn,No Holiday,Yes,2018,11,2,4,0,0,829
11,12.8,44,1.0,1269,0.8,1.84,Autumn,No Holiday,Yes,2018,11,2,4,0,0,897
12,14.9,40,1.1,1288,1.4,2.06,Autumn,No Holiday,Yes,2018,11,2,4,0,0,1107
13,16.5,37,1.2,1400,1.7,2.12,Autumn,No Holiday,Yes,2018,11,2,4,0,0,1155
14,18.0,31,1.2,1506,0.5,1.98,Autumn,No Holiday,Yes,2018,11,2,4,0,0,1296
15,18.6,31,1.4,1575,1.1,1.63,Autumn,No Holiday,Yes,2018,11,2,4,0,0,1390
16,18.8,32,1.4,1717,1.7,1.09,Autumn,No Holiday,Yes,2018,11,2,4,0,0,1568
17,17.0,36,1.5,1672,1.8,0.47,Autumn,No Holiday,Yes,2018,11,2,4,0,0,1855
18,14.6,42,1.4,1428,1.8,0.02,Autumn,No Holiday,Yes,2018,11,2,4,0,0,1771
19,12.8,40,1.4,1870,-0.4,0.0,Autumn,No Holiday,Yes,2018,11,2,4,0,0,1555
20,11.7,45,1.2,1748,0.1,0.0,Autumn,No Holiday,Yes,2018,11,2,4,0,0,1267
21,10.8,57,2.0,1219,2.6,0.0,Autumn,No Holiday,Yes,2018,11,2,4,0,0,1058
22,10.0,56,2.0,1290,1.6,0.0,Autumn,No Holiday,Yes,2018,11,2,4,0,0,1020
23,9.7,56,1.3,1423,1.3,0.0,Autumn,No Holiday,Yes,2018,11,2,4,0,0,845
0,8.8,63,0.6,1314,2.1,0.0,Autumn,No Holiday,No,2018,11,3,5,0,0,366
1,8.5,61,0.2,1273,1.3,0.0,Autumn,No Holiday,No,2018,11,3,5,0,0,302
2,7.531329888672032,68,1.2,1170,2.0,0.0,Autumn,No Holiday,No,2018,11,3,5,0,0,152
3,7.1,67,0.6,1229,1.3,0.0,Autumn,No Holiday,No,2018,11,3,5,0,0,83
4,6.3,72,1.0,1104,1.6,0.0,Autumn,No Holiday,No,2018,11,3,5,0,0,50
5,6.1,75,1.0,1053,1.9,0.0,Autumn,No Holiday,No,2018,11,3,5,0,0,52
6,5.5,78,0.6,983,1.9,0.0,Autumn,No Holiday,No,2018,11,3,5,0,0,132
7,5.1459195747439415,79,1.3,894,1.8,0.0,Autumn,No Holiday,No,2018,11,3,5,0,0,468
8,5.4,75,0.4,905,1.3,0.11,Autumn,No Holiday,No,2018,11,3,5,0,0,668
9,7.9,58,1.3,1033,0.1,0.8,Autumn,No Holiday,No,2018,11,3,5,0,0,401
10,10.909839625002277,49,0.7,957,0.6,1.4,Autumn,No Holiday,No,2018,11,3,5,0,0,330
11,14.5,42,1.6,890,1.7,1.85,Autumn,No Holiday,No,2018,11,3,5,0,0,5
12,16.5,37,1.8,1060,1.7,2.14,Autumn,No Holiday,No,2018,11,3,5,0,0,5
13,17.8,29,2.0,1328,-0.4,2.17,Autumn,No Holiday,No,2018,11,3,5,0,0,3
14,18.1,24,2.4,1594,-2.8,1.97,Autumn,No Holiday,No,2018,11,3,5,0,0,26
15,18.5,25,1.6,1724,-1.9,1.63,Autumn,No Holiday,No,2018,11,3,5,0,0,17
16,18.7,25,2.1,1605,-1.7,1.07,Autumn,No Holiday,No,2018,11,3,5,0,0,12
17,16.7,45,2.2,772,4.6,0.43,Autumn,No Holiday,No,2018,11,3,5,0,0,9
18,14.2,51,1.5,990,4.1,0.02,Autumn,No Holiday,No,2018,11,3,5,0,0,33
19,13.4,62,1.6,740,6.2,0.0,Autumn,No Holiday,No,2018,11,3,5,0,0,75
20,12.1,68,0.8,592,6.3,0.0,Autumn,No Holiday,No,2018,11,3,5,0,0,198
21,11.1,69,0.9,619,5.6,0.0,Autumn,No Holiday,No,2018,11,3,5,0,0,303
22,10.0,68,1.1,791,4.3,0.0,Autumn,No Holiday,No,2018,11,3,5,0,0,395
23,9.2,65,1.2,1064,2.9,0.0,Autumn,No Holiday,No,2018,11,3,5,0,0,421
0,9.1,63,0.6,1292,2.4,0.0,Autumn,No Holiday,Yes,2018,11,4,6,0,0,695
1,8.6,60,1.1,1416,1.2,0.0,Autumn,No Holiday,Yes,2018,11,4,6,0,0,568
2,8.2,62,0.2,1415,1.3,0.0,Autumn,No Holiday,Yes,2018,11,4,6,0,0,418
3,7.550216659880731,66,0.9,1432,1.6,0.0,Autumn,No Holiday,Yes,2018,11,4,6,0,0,300
4,6.794293945948841,70,1.5,1314,1.7,0.0,Autumn,No Holiday,Yes,2018,11,4,6,0,0,145
5,6.6,73,0.3,1219,2.0,0.0,Autumn,No Holiday,Yes,2018,11,4,6,0,0,154
6,6.2,73,0.3,1018,1.7,0.0,Autumn,No Holiday,Yes,2018,11,4,6,0,0,201
7,5.8,79,1.0,862,2.4,0.0,Autumn,No Holiday,Yes,2018,11,4,6,0,0,416
8,5.7,78,1.1,714,2.1,0.09,Autumn,No Holiday,Yes,2018,11,4,6,0,0,601
9,7.5,60,0.5,725,0.2,0.79,Autumn,No Holiday,Yes,2018,11,4,6,0,0,713
10,11.1,51,0.8,679,1.3,1.38,Autumn,No Holiday,Yes,2018,11,4,6,0,0,823
11,14.712462897510704,46,2.0,768,3.2,1.83,Autumn,No Holiday,Yes,2018,11,4,6,0,0,911
12,16.3,33,2.9,1530,0.0,2.13,Autumn,No Holiday,Yes,2018,11,4,6,0,0,1189
13,18.3,26,1.2,1503,-1.5,2.17,Autumn,No Holiday,Yes,2018,11,4,6,0,0,1355
14,19.3,28,1.7,1208,0.3,1.93,Autumn,No Holiday,Yes,2018,11,4,6,0,0,1545
15,19.0,25,2.1,1748,-1.5,1.6,Autumn,No Holiday,Yes,2018,11,4,6,0,0,1699
16,18.4,25,3.2,1909,-2.0,1.05,Autumn,No Holiday,Yes,2018,11,4,6,0,0,1736
17,16.9,33,2.2,1972,0.5,0.43,Autumn,No Holiday,Yes,2018,11,4,6,0,0,1805
18,14.5,46,2.6,1618,3.0,0.01,Autumn,No Holiday,Yes,2018,11,4,6,0,0,1491
19,12.9,56,2.5,1345,4.3,0.0,Autumn,No Holiday,Yes,2018,11,4,6,0,0,1271
20,12.7,59,1.2,1177,4.8,0.0,Autumn,No Holiday,Yes,2018,11,4,6,0,0,1178
21,11.748327134383429,62,0.7,1030,4.7,0.0,Autumn,No Holiday,Yes,2018,11,4,6,0,0,976
22,11.2,67,1.3,940,5.2,0.0,Autumn,No Holiday,Yes,2018,11,4,6,0,0,861
23,10.6,73,1.3,931,5.9,0.0,Autumn,No Holiday,Yes,2018,11,4,6,0,0,729
0,10.1,75,0.0,922,5.8,0.0,Autumn,No Holiday,Yes,2018,11,5,0,0,0,625
1,9.3,78,0.1,828,5.6,0.0,Autumn,No Holiday,Yes,2018,11,5,0,0,0,495
2,8.8,81,0.0,773,5.7,0.0,Autumn,No Holiday,Yes,2018,11,5,0,0,0,308
3,8.3,81,1.1,642,5.2,0.0,Autumn,No Holiday,Yes,2018,11,5,0,0,0,228
4,8.0,81,0.4,666,4.9,0.0,Autumn,No Holiday,Yes,2018,11,5,0,0,0,167
5,7.939462105703182,84,0.7,569,5.4,0.0,Autumn,No Holiday,Yes,2018,11,5,0,0,0,168
6,7.2,83,0.8,636,4.4,0.0,Autumn,No Holiday,Yes,2018,11,5,0,0,0,294
7,7.0,86,1.1,455,4.8,0.0,Autumn,No Holiday,Yes,2018,11,5,0,0,0,778
8,7.119930347619775,80,0.8,515,3.9,0.13,Autumn,No Holiday,Yes,2018,11,5,0,0,0,1107
9,8.9,67,1.1,578,3.0,0.69,Autumn,No Holiday,Yes,2018,11,5,0,0,0,943
10,11.8,59,0.9,616,4.0,1.23,Autumn,No Holiday,Yes,2018,11,5,0,0,0,831
11,13.8,47,1.2,994,2.6,1.71,Autumn,No Holiday,Yes,2018,11,5,0,0,0,840
12,16.4,48,2.1,653,5.3,1.68,Autumn,No Holiday,Yes,2018,11,5,0,0,0,944
13,16.8,46,1.1,760,5.0,1.71,Autumn,No Holiday,Yes,2018,11,5,0,0,0,1068
14,17.5,38,1.2,1090,3.0,1.74,Autumn,No Holiday,Yes,2018,11,5,0,0,0,1123
15,17.970705675330063,39,1.0,1208,3.8,1.21,Autumn,No Holiday,Yes,2018,11,5,0,0,0,1235
16,16.8,46,1.8,1041,5.0,0.72,Autumn,No Holiday,Yes,2018,11,5,0,0,0,1403
17,15.7,49,2.0,1252,5.0,0.26,Autumn,No Holiday,Yes,2018,11,5,0,0,0,1760
18,14.5,54,1.3,1343,5.2,0.01,Autumn,No Holiday,Yes,2018,11,5,0,0,0,1763
19,13.2,66,1.7,705,6.9,0.0,Autumn,No Holiday,Yes,2018,11,5,0,0,0,1556
20,12.7,75,2.0,433,8.3,0.0,Autumn,No Holiday,Yes,2018,11,5,0,0,0,1246
21,12.2,79,1.8,351,8.6,0.0,Autumn,No Holiday,Yes,2018,11,5,0,0,0,1228
22,11.6,81,1.2,336,8.4,0.0,Autumn,No Holiday,Yes,2018,11,5,0,0,0,963
23,10.9,82,0.1,346,7.9,0.0,Autumn,No Holiday,Yes,2018,11,5,0,0,0,751
0,10.0,73,0.5,700,5.3,0.0,Autumn,No Holiday,No,2018,11,6,1,0,0,238
1,9.8,75,0.5,668,5.5,0.0,Autumn,No Holiday,No,2018,11,6,1,0,0,182
2,9.7,78,0.0,619,6.0,0.0,Autumn,No Holiday,No,2018,11,6,1,0,0,94
3,9.295670463553298,81,0.3,500,6.2,0.0,Autumn,No Holiday,No,2018,11,6,1,0,0,39
4,9.1,81,0.0,493,6.0,0.0,Autumn,No Holiday,No,2018,11,6,1,0,0,23
5,8.8,84,0.6,420,6.2,0.0,Autumn,No Holiday,No,2018,11,6,1,0,0,24
6,8.5,83,0.7,409,5.7,0.0,Autumn,No Holiday,No,2018,11,6,1,0,0,60
7,8.3,84,0.9,422,5.7,0.0,Autumn,No Holiday,No,2018,11,6,1,0,0,451
8,8.7,77,0.7,529,4.8,0.11,Autumn,No Holiday,No,2018,11,6,1,0,0,542
9,10.1,68,0.2,578,4.4,0.33,Autumn,No Holiday,No,2018,11,6,1,0,0,444
10,11.7,62,0.5,521,4.6,0.77,Autumn,No Holiday,No,2018,11,6,1,0,0,219
11,13.0,55,1.0,488,4.1,0.84,Autumn,No Holiday,No,2018,11,6,1,0,0,12
12,14.5,57,0.8,373,6.0,1.08,Autumn,No Holiday,No,2018,11,6,1,0,0,0
13,16.0857557526079,56,1.7,328,7.3,1.54,Autumn,No Holiday,No,2018,11,6,1,0,0,0
14,17.4,50,2.4,336,6.8,1.52,Autumn,No Holiday,No,2018,11,6,1,0,0,0
15,16.22698522102111,54,1.6,374,6.9,0.76,Autumn,No Holiday,No,2018,11,6,1,0,0,5
16,16.583424295834057,55,1.3,334,7.5,0.66,Autumn,No Holiday,No,2018,11,6,1,0,0,12
17,15.3,63,1.2,260,8.2,0.23,Autumn,No Holiday,No,2018,11,6,1,0,0,22
18,14.0,71,1.5,201,8.8,0.01,Autumn,No Holiday,No,2018,11,6,1,0,0,63
19,13.242752998131765,72,1.1,234,8.3,0.0,Autumn,No Holiday,No,2018,11,6,1,0,0,79
20,13.2,73,1.1,246,8.4,0.0,Autumn,No Holiday,No,2018,11,6,1,0,0,70
21,13.0,76,0.9,231,8.8,0.0,Autumn,No Holiday,No,2018,11,6,1,0,0,83
22,12.3,73,1.2,277,7.5,0.0,Autumn,No Holiday,No,2018,11,6,1,0,0,130
23,12.2,74,1.1,291,7.6,0.0,Autumn,No Holiday,No,2018,11,6,1,0,0,104
0,11.9,74,1.6,287,7.4,0.0,Autumn,No Holiday,Yes,2018,11,7,2,0,0,636
1,11.9,76,1.4,286,7.7,0.0,Autumn,No Holiday,Yes,2018,11,7,2,0,0,506
2,12.0,81,1.3,295,8.8,0.0,Autumn,No Holiday,Yes,2018,11,7,2,0,0,386
3,10.8,88,1.0,145,8.8,0.0,Autumn,No Holiday,Yes,2018,11,7,2,1,0,159
4,10.6,95,0.7,94,9.8,0.0,Autumn,No Holiday,Yes,2018,11,7,2,0,0,171
5,11.1,95,0.2,117,10.3,0.0,Autumn,No Holiday,Yes,2018,11,7,2,0,0,181
6,11.0,91,1.0,124,9.5,0.0,Autumn,No Holiday,Yes,2018,11,7,2,1,0,172
7,10.710593931056335,91,1.3,216,9.3,0.0,Autumn,No Holiday,Yes,2018,11,7,2,0,0,673
8,11.3,89,1.1,279,9.5,0.01,Autumn,No Holiday,Yes,2018,11,7,2,0,0,721
9,11.15621987236617,86,1.0,372,8.9,0.09,Autumn,No Holiday,Yes,2018,11,7,2,1,0,343
10,11.9,84,0.9,482,9.2,0.2,Autumn,No Holiday,Yes,2018,11,7,2,0,0,703
11,12.4,82,0.6,507,9.4,0.34,Autumn,No Holiday,Yes,2018,11,7,2,0,0,608
12,13.2,77,1.3,589,9.2,0.5,Autumn,No Holiday,Yes,2018,11,7,2,0,0,774
13,14.48136100097053,74,1.3,610,9.9,0.75,Autumn,No Holiday,Yes,2018,11,7,2,0,0,907
14,15.48376413047154,68,1.4,693,9.6,1.15,Autumn,No Holiday,Yes,2018,11,7,2,0,0,994
15,15.4,72,1.1,608,10.3,0.57,Autumn,No Holiday,Yes,2018,11,7,2,0,0,953
16,15.2,72,1.2,625,10.1,0.4,Autumn,No Holiday,Yes,2018,11,7,2,0,0,1111
17,14.9,73,0.9,854,10.0,0.04,Autumn,No Holiday,Yes,2018,11,7,2,0,0,1652
18,14.4,77,1.0,912,10.4,0.0,Autumn,No Holiday,Yes,2018,11,7,2,0,0,1696
19,13.8,81,1.5,760,10.5,0.0,Autumn,No Holiday,Yes,2018,11,7,2,0,0,1423
20,13.3,77,1.6,833,9.3,0.0,Autumn,No Holiday,Yes,2018,11,7,2,0,0,1421
21,13.5,75,0.8,1275,9.1,0.0,Autumn,No Holiday,Yes,2018,11,7,2,0,0,1449
22,13.2,74,1.4,1407,8.6,0.0,Autumn,No Holiday,Yes,2018,11,7,2,0,0,1339
23,12.9,72,1.4,2000,7.9,0.0,Autumn,No Holiday,Yes,2018,11,7,2,0,0,932
0,12.9,70,1.8,2000,7.5,0.0,Autumn,No Holiday,Yes,2018,11,8,3,0,0,712
1,11.9,77,1.1,1634,7.9,0.0,Autumn,No Holiday,Yes,2018,11,8,3,0,0,569
2,11.8,84,1.6,1874,9.1,0.0,Autumn,No Holiday,Yes,2018,11,8,3,0,0,399
3,11.8,86,1.6,1819,9.5,0.0,Autumn,No Holiday,Yes,2018,11,8,3,1,0,171
4,10.8,87,1.7,956,8.7,0.0,Autumn,No Holiday,Yes,2018,11,8,3,0,0,191
5,10.741120661354666,89,1.6,957,9.0,0.0,Autumn,No Holiday,Yes,2018,11,8,3,0,0,185
6,10.6,90,1.6,1065,9.0,0.0,Autumn,No Holiday,Yes,2018,11,8,3,1,0,172
7,10.9,88,1.8,1866,8.9,0.0,Autumn,No Holiday,Yes,2018,11,8,3,0,0,631
8,10.6,89,1.5,689,8.8,0.02,Autumn,No Holiday,Yes,2018,11,8,3,0,0,695
9,10.525888937217589,94,2.1,739,9.6,0.06,Autumn,No Holiday,Yes,2018,11,8,3,1,0,264
10,10.8,94,1.8,578,9.8,0.15,Autumn,No Holiday,Yes,2018,11,8,3,0,0,505
11,10.9,95,2.4,519,10.1,0.12,Autumn,No Holiday,Yes,2018,11,8,3,0,0,487
12,11.4,95,2.5,792,10.6,0.44,Autumn,No Holiday,Yes,2018,11,8,3,1,0,211
13,11.5,95,2.1,457,10.7,0.32,Autumn,No Holiday,Yes,2018,11,8,3,0,0,405
14,11.3,96,2.7,302,10.6,0.11,Autumn,No Holiday,Yes,2018,11,8,3,0,0,495
15,11.4,96,2.0,910,10.7,0.07,Autumn,No Holiday,Yes,2018,11,8,3,1,0,225
16,11.7,96,1.4,587,11.0,0.02,Autumn,No Holiday,Yes,2018,11,8,3,0,0,537
17,11.9,97,0.7,269,11.4,0.0,Autumn,No Holiday,Yes,2018,11,8,3,0,0,600
18,12.9,97,0.0,406,12.4,0.0,Autumn,No Holiday,Yes,2018,11,8,3,1,0,106
19,12.8,97,0.9,245,12.3,0.0,Autumn,No Holiday,Yes,2018,11,8,3,0,0,684
20,13.9,97,2.5,594,13.4,0.0,Autumn,No Holiday,Yes,2018,11,8,3,0,0,729
21,13.928107436705135,96,4.1,292,13.3,0.0,Autumn,No Holiday,Yes,2018,11,8,3,1,0,167
22,12.4,96,2.7,545,11.7,0.0,Autumn,No Holiday,Yes,2018,11,8,3,0,0,605
23,11.5,96,3.0,691,10.8,0.0,Autumn,No Holiday,Yes,2018,11,8,3,0,0,567
0,12.0,96,3.1,1185,11.3,0.0,Autumn,No Holiday,No,2018,11,9,4,1,0,177
1,11.4,89,2.6,1376,9.6,0.0,Autumn,No Holiday,No,2018,11,9,4,0,0,223
2,11.3,88,3.7,1680,9.3,0.0,Autumn,No Holiday,No,2018,11,9,4,0,0,103
3,10.8,82,2.8,1712,7.8,0.0,Autumn,No Holiday,No,2018,11,9,4,1,0,64
4,10.6,75,3.2,913,6.3,0.0,Autumn,No Holiday,No,2018,11,9,4,0,0,12
5,10.9,68,3.1,1034,5.2,0.0,Autumn,No Holiday,No,2018,11,9,4,0,0,9
6,11.0,70,3.1,900,5.7,0.0,Autumn,No Holiday,No,2018,11,9,4,0,0,33
7,10.4,81,3.0,1741,7.2,0.0,Autumn,No Holiday,No,2018,11,9,4,0,0,267
8,10.1,85,2.4,1809,7.6,0.05,Autumn,No Holiday,No,2018,11,9,4,0,0,394
9,10.8,78,2.6,1985,7.1,0.13,Autumn,No Holiday,No,2018,11,9,4,1,0,269
10,11.3,68,4.7,1984,5.5,0.44,Autumn,No Holiday,No,2018,11,9,4,0,0,162
11,13.3,59,4.1,1970,5.4,1.43,Autumn,No Holiday,No,2018,11,9,4,0,0,0
12,13.9,50,4.1,1964,3.6,2.14,Autumn,No Holiday,No,2018,11,9,4,0,0,2
13,14.0,46,5.3,927,2.5,1.68,Autumn,No Holiday,No,2018,11,9,4,0,0,2
14,15.0,49,2.8,518,4.3,1.53,Autumn,No Holiday,No,2018,11,9,4,0,0,3
15,15.1,52,3.4,622,5.3,1.3,Autumn,No Holiday,No,2018,11,9,4,0,0,7
16,14.3,59,3.6,858,6.3,0.72,Autumn,No Holiday,No,2018,11,9,4,0,0,4
17,12.79892392296113,66,3.6,682,6.6,0.32,Autumn,No Holiday,No,2018,11,9,4,0,0,145
18,12.3,69,2.1,623,6.7,0.01,Autumn,No Holiday,No,2018,11,9,4,0,0,177
19,11.9,71,2.7,589,6.7,0.0,Autumn,No Holiday,No,2018,11,9,4,0,0,269
20,11.9,72,2.5,526,7.0,0.0,Autumn,No Holiday,No,2018,11,9,4,0,0,248
21,11.4,74,1.9,498,6.9,0.0,Autumn,No Holiday,No,2018,11,9,4,0,0,279
22,11.2,75,1.7,478,6.9,0.0,Autumn,No Holiday,No,2018,11,9,4,0,0,269
23,10.9,76,1.2,456,6.8,0.0,Autumn,No Holiday,No,2018,11,9,4,0,0,264
0,11.28861242019908,77,0.9,433,7.4,0.0,Autumn,No Holiday,Yes,2018,11,10,5,0,0,754
1,11.093803575875562,78,1.1,467,7.4,0.0,Autumn,No Holiday,Yes,2018,11,10,5,0,0,630
2,10.7,80,0.6,409,7.3,0.0,Autumn,No Holiday,Yes,2018,11,10,5,0,0,418
3,10.3,81,0.7,361,7.1,0.0,Autumn,No Holiday,Yes,2018,11,10,5,0,0,318
4,9.5,87,0.6,266,7.4,0.0,Autumn,No Holiday,Yes,2018,11,10,5,0,0,192
5,9.4,87,0.8,279,7.3,0.0,Autumn,No Holiday,Yes,2018,11,10,5,0,0,186
6,9.5,85,0.6,304,7.0,0.0,Autumn,No Holiday,Yes,2018,11,10,5,0,0,237
7,9.425749476694602,86,0.6,293,7.2,0.0,Autumn,No Holiday,Yes,2018,11,10,5,0,0,495
8,9.3,85,0.3,313,6.9,0.07,Autumn,No Holiday,Yes,2018,11,10,5,0,0,582
9,10.1,77,0.0,350,6.2,0.45,Autumn,No Holiday,Yes,2018,11,10,5,0,0,763
10,12.2,73,1.9,374,7.4,0.92,Autumn,No Holiday,Yes,2018,11,10,5,0,0,835
11,13.8,63,2.2,416,6.8,1.32,Autumn,No Holiday,Yes,2018,11,10,5,0,0,847
12,15.1,54,2.2,495,5.8,1.91,Autumn,No Holiday,Yes,2018,11,10,5,0,0,987
13,15.9,48,2.7,538,4.8,1.87,Autumn,No Holiday,Yes,2018,11,10,5,0,0,1039
14,17.076413295843075,39,2.0,781,3.0,1.85,Autumn,No Holiday,Yes,2018,11,10,5,0,0,1200
15,16.6,36,2.5,808,1.4,1.45,Autumn,No Holiday,Yes,2018,11,10,5,0,0,1269
16,16.0,37,1.9,984,1.2,0.94,Autumn,No Holiday,Yes,2018,11,10,5,0,0,1527
17,14.707018024307589,47,1.3,787,3.5,0.35,Autumn,No Holiday,Yes,2018,11,10,5,0,0,1689
18,13.2,57,2.2,618,4.8,0.01,Autumn,No Holiday,Yes,2018,11,10,5,0,0,1424
19,12.1,67,1.5,430,6.1,0.0,Autumn,No Holiday,Yes,2018,11,10,5,0,0,1111
20,11.3,74,1.2,350,6.8,0.0,Autumn,No Holiday,Yes,2018,11,10,5,0,0,899
21,10.784897082276693,78,1.0,303,7.1,0.0,Autumn,No Holiday,Yes,2018,11,10,5,0,0,817
22,10.6,81,1.2,281,7.4,0.0,Autumn,No Holiday,Yes,2018,11,10,5,0,0,740
23,10.3,84,1.3,250,7.7,0.0,Autumn,No Holiday,Yes,2018,11,10,5,0,0,655
0,9.294230441299993,85,0.6,241,6.9,0.0,Autumn,No Holiday,Yes,2018,11,11,6,0,0,594
1,8.8,89,0.7,213,7.0,0.0,Autumn,No Holiday,Yes,2018,11,11,6,0,0,451
2,7.9,85,1.1,275,5.5,0.0,Autumn,No Holiday,Yes,2018,11,11,6,0,0,377
3,7.1,85,0.7,329,4.7,0.0,Autumn,No Holiday,Yes,2018,11,11,6,0,0,265
4,6.9,82,0.5,337,4.0,0.0,Autumn,No Holiday,Yes,2018,11,11,6,0,0,157
5,6.8,83,0.6,341,4.1,0.0,Autumn,No Holiday,Yes,2018,11,11,6,0,0,140
6,6.6,84,1.2,373,4.0,0.0,Autumn,No Holiday,Yes,2018,11,11,6,0,0,169
7,6.4,84,1.3,369,3.8,0.0,Autumn,No Holiday,Yes,2018,11,11,6,0,0,375
8,6.3,81,0.8,365,3.2,0.11,Autumn,No Holiday,Yes,2018,11,11,6,0,0,445
9,7.8,72,1.2,360,3.0,0.54,Autumn,No Holiday,Yes,2018,11,11,6,0,0,631
10,10.2,68,0.7,354,4.5,1.06,Autumn,No Holiday,Yes,2018,11,11,6,0,0,752
11,10.7,68,0.4,341,5.0,0.54,Autumn,No Holiday,Yes,2018,11,11,6,0,0,730
12,10.6,72,2.0,365,5.7,0.29,Autumn,No Holiday,Yes,2018,11,11,6,0,0,659
13,9.712727464881116,70,1.7,360,4.5,0.33,Autumn,No Holiday,Yes,2018,11,11,6,0,0,678
14,10.1,58,0.9,605,2.1,0.43,Autumn,No Holiday,Yes,2018,11,11,6,0,0,732
15,10.2,58,2.0,573,2.2,0.29,Autumn,No Holiday,Yes,2018,11,11,6,0,0,765
16,9.9,59,1.3,578,2.2,0.1,Autumn,No Holiday,Yes,2018,11,11,6,0,0,773
17,8.9,57,3.0,1149,0.8,0.03,Autumn,No Holiday,Yes,2018,11,11,6,0,0,933
18,8.9,55,2.0,1333,0.3,0.0,Autumn,No Holiday,Yes,2018,11,11,6,0,0,951
19,8.7,52,0.8,1590,-0.6,0.0,Autumn,No Holiday,Yes,2018,11,11,6,0,0,920
20,8.2,53,0.6,1621,-0.8,0.0,Autumn,No Holiday,Yes,2018,11,11,6,0,0,829
21,8.0,51,0.5,1989,-1.5,0.0,Autumn,No Holiday,Yes,2018,11,11,6,0,0,800
22,7.046675466868123,60,0.0,1948,-0.2,0.0,Autumn,No Holiday,Yes,2018,11,11,6,0,0,757
23,6.3,62,0.0,1993,-0.4,0.0,Autumn,No Holiday,Yes,2018,11,11,6,0,0,680
0,5.4,64,0.8,2000,-0.8,0.0,Autumn,No Holiday,Yes,2018,11,12,0,0,0,387
1,5.026088979749833,67,1.3,2000,-0.6,0.0,Autumn,No Holiday,Yes,2018,11,12,0,0,0,353
2,4.8,66,1.6,2000,-1.0,0.0,Autumn,No Holiday,Yes,2018,11,12,0,0,0,242
3,4.6,65,0.1,2000,-1.4,0.0,Autumn,No Holiday,Yes,2018,11,12,0,0,0,174
4,4.0,68,0.0,2000,-1.3,0.0,Autumn,No Holiday,Yes,2018,11,12,0,0,0,155
5,4.0,71,0.0,2000,-0.7,0.0,Autumn,No Holiday,Yes,2018,11,12,0,0,0,161
6,3.8,69,0.0,1995,-1.3,0.0,Autumn,No Holiday,Yes,2018,11,12,0,0,0,328
7,3.4,72,1.0,1989,-1.1,0.0,Autumn,No Holiday,Yes,2018,11,12,0,0,0,955
8,3.3,69,0.0,2000,-1.8,0.06,Autumn,No Holiday,Yes,2018,11,12,0,0,0,1258
9,5.2,55,1.4,1752,-3.1,0.67,Autumn,No Holiday,Yes,2018,11,12,0,0,0,945
10,8.3,50,1.1,1364,-1.5,1.23,Autumn,No Holiday,Yes,2018,11,12,0,0,0,826
11,10.3,40,0.7,1672,-2.7,1.66,Autumn,No Holiday,Yes,2018,11,12,0,0,0,808
12,12.3,37,0.8,1690,-1.9,1.93,Autumn,No Holiday,Yes,2018,11,12,0,0,0,953
13,13.3,36,2.1,1283,-1.4,1.99,Autumn,No Holiday,Yes,2018,11,12,0,0,0,989
14,14.2,33,1.5,1374,-1.8,1.84,Autumn,No Holiday,Yes,2018,11,12,0,0,0,1039
15,13.8,34,2.4,1438,-1.8,1.45,Autumn,No Holiday,Yes,2018,11,12,0,0,0,1108
16,12.9,38,2.6,1476,-1.1,0.94,Autumn,No Holiday,Yes,2018,11,12,0,0,0,1207
17,11.8,43,1.8,1685,-0.3,0.34,Autumn,No Holiday,Yes,2018,11,12,0,0,0,1468
18,10.6,45,1.8,1936,-0.8,0.01,Autumn,No Holiday,Yes,2018,11,12,0,0,0,1417
19,9.8,46,2.8,1945,-1.2,0.0,Autumn,No Holiday,Yes,2018,11,12,0,0,0,1220
20,9.0,48,1.9,1879,-1.4,0.0,Autumn,No Holiday,Yes,2018,11,12,0,0,0,1162
21,8.5,50,0.5,1707,-1.3,0.0,Autumn,No Holiday,Yes,2018,11,12,0,0,0,1127
22,7.6,55,1.7,1694,-0.8,0.0,Autumn,No Holiday,Yes,2018,11,12,0,0,0,973
23,6.9,60,0.8,1610,-0.3,0.0,Autumn,No Holiday,Yes,2018,11,12,0,0,0,773
0,6.2,63,0.8,1611,-0.3,0.0,Autumn,No Holiday,Yes,2018,11,13,1,0,0,390
1,5.6,68,0.5,1576,0.1,0.0,Autumn,No Holiday,Yes,2018,11,13,1,0,0,340
2,5.6,64,0.1,1556,-0.6,0.0,Autumn,No Holiday,Yes,2018,11,13,1,0,0,257
3,5.3,62,0.0,1485,-1.4,0.0,Autumn,No Holiday,Yes,2018,11,13,1,0,0,189
4,4.9,63,0.0,1397,-1.5,0.0,Autumn,No Holiday,Yes,2018,11,13,1,0,0,140
5,4.7,72,0.0,1310,0.0,0.0,Autumn,No Holiday,Yes,2018,11,13,1,0,0,142
6,4.2,72,0.8,1326,-0.4,0.0,Autumn,No Holiday,Yes,2018,11,13,1,0,0,292
7,4.4,72,0.3,1189,-0.2,0.0,Autumn,No Holiday,Yes,2018,11,13,1,0,0,964
8,4.7,68,0.5,1032,-0.7,0.06,Autumn,No Holiday,Yes,2018,11,13,1,0,0,1285
9,6.0,59,1.0,719,-1.4,0.6,Autumn,No Holiday,Yes,2018,11,13,1,0,0,928
10,9.011367866665916,51,0.9,706,-0.6,1.16,Autumn,No Holiday,Yes,2018,11,13,1,0,0,885
11,11.4,46,0.8,876,0.1,1.57,Autumn,No Holiday,Yes,2018,11,13,1,0,0,827
12,12.8,45,1.8,1170,1.1,1.82,Autumn,No Holiday,Yes,2018,11,13,1,0,0,953
13,13.5,43,2.2,1687,1.1,1.92,Autumn,No Holiday,Yes,2018,11,13,1,0,0,1024
14,15.0,37,1.6,1703,0.4,1.82,Autumn,No Holiday,Yes,2018,11,13,1,0,0,1065
15,15.3,37,1.8,1774,0.6,1.5,Autumn,No Holiday,Yes,2018,11,13,1,0,0,1134
16,14.2,37,2.0,1783,-0.3,0.91,Autumn,No Holiday,Yes,2018,11,13,1,0,0,1341
17,12.78017777045523,40,1.9,1967,-0.5,0.33,Autumn,No Holiday,Yes,2018,11,13,1,0,0,1699
18,11.3,42,1.2,1846,-1.1,0.01,Autumn,No Holiday,Yes,2018,11,13,1,0,0,1475
19,9.8,45,1.3,1882,-1.5,0.0,Autumn,No Holiday,Yes,2018,11,13,1,0,0,1193
20,9.5,44,1.8,1991,-2.1,0.0,Autumn,No Holiday,Yes,2018,11,13,1,0,0,1093
21,8.5,42,1.1,2000,-3.7,0.0,Autumn,No Holiday,Yes,2018,11,13,1,0,0,1092
22,8.1,50,0.5,2000,-1.7,0.0,Autumn,No Holiday,Yes,2018,11,13,1,0,0,1012
23,7.6,49,0.6,1971,-2.4,0.0,Autumn,No Holiday,Yes,2018,11,13,1,0,0,681
0,7.0,54,0.9,1862,-1.6,0.0,Autumn,No Holiday,Yes,2018,11,14,2,0,0,471
1,6.5,60,0.5,1788,-0.7,0.0,Autumn,No Holiday,Yes,2018,11,14,2,0,0,373
2,6.2,59,0.6,1584,-1.2,0.0,Autumn,No Holiday,Yes,2018,11,14,2,0,0,300
3,6.1,66,0.5,1347,0.2,0.0,Autumn,No Holiday,Yes,2018,11,14,2,0,0,226
4,5.6,70,0.6,1311,0.5,0.0,Autumn,No Holiday,Yes,2018,11,14,2,0,0,138
5,5.3,72,0.2,1278,0.6,0.0,Autumn,No Holiday,Yes,2018,11,14,2,0,0,150
6,5.1,76,1.1,1195,1.2,0.0,Autumn,No Holiday,Yes,2018,11,14,2,0,0,287
7,5.2,78,0.3,1182,1.6,0.0,Autumn,No Holiday,Yes,2018,11,14,2,0,0,937
8,5.0,77,1.5,1115,1.2,0.07,Autumn,No Holiday,Yes,2018,11,14,2,0,0,1190
9,7.1,61,0.5,1493,0.0,0.57,Autumn,No Holiday,Yes,2018,11,14,2,0,0,1000
10,9.6,53,1.4,1818,0.4,1.16,Autumn,No Holiday,Yes,2018,11,14,2,0,0,887
11,12.1,49,0.8,1827,1.6,1.61,Autumn,No Holiday,Yes,2018,11,14,2,0,0,842
12,14.2,45,0.9,1531,2.4,1.86,Autumn,No Holiday,Yes,2018,11,14,2,0,0,1061
13,15.7,41,2.3,1322,2.4,2.01,Autumn,No Holiday,Yes,2018,11,14,2,0,0,1079
14,16.1,32,1.4,1703,-0.6,1.8,Autumn,No Holiday,Yes,2018,11,14,2,0,0,1123
15,15.9,30,0.7,1823,-1.6,1.34,Autumn,No Holiday,Yes,2018,11,14,2,0,0,1168
16,15.2,40,2.7,1371,1.6,0.87,Autumn,No Holiday,Yes,2018,11,14,2,0,0,1360
17,13.6,46,1.8,1374,2.1,0.31,Autumn,No Holiday,Yes,2018,11,14,2,0,0,1774
18,12.2,47,2.6,1427,1.2,0.01,Autumn,No Holiday,Yes,2018,11,14,2,0,0,1662
19,11.5,52,2.4,1319,1.9,0.0,Autumn,No Holiday,Yes,2018,11,14,2,0,0,1340
20,10.449361475070285,52,1.4,1153,1.0,0.0,Autumn,No Holiday,Yes,2018,11,14,2,0,0,1218
21,9.8,52,0.5,1255,0.3,0.0,Autumn,No Holiday,Yes,2018,11,14,2,0,0,1178
22,8.8,58,0.5,1358,0.9,0.0,Autumn,No Holiday,Yes,2018,11,14,2,0,0,1030
23,8.4,65,0.8,1216,2.1,0.0,Autumn,No Holiday,Yes,2018,11,14,2,0,0,799
0,7.7,67,0.4,1102,1.9,0.0,Autumn,No Holiday,Yes,2018,11,15,3,0,0,604
1,7.3,64,0.3,1150,0.9,0.0,Autumn,No Holiday,Yes,2018,11,15,3,0,0,484
2,7.1,68,0.6,1082,1.5,0.0,Autumn,No Holiday,Yes,2018,11,15,3,0,0,331
3,6.5,75,1.1,970,2.3,0.0,Autumn,No Holiday,Yes,2018,11,15,3,0,0,234
4,6.1,72,0.5,1052,1.4,0.0,Autumn,No Holiday,Yes,2018,11,15,3,0,0,158
5,5.3,78,1.4,952,1.7,0.0,Autumn,No Holiday,Yes,2018,11,15,3,0,0,144
6,4.9,76,1.1,800,1.0,0.0,Autumn,No Holiday,Yes,2018,11,15,3,0,0,278
7,4.8,76,0.7,762,0.9,0.0,Autumn,No Holiday,Yes,2018,11,15,3,0,0,935
8,5.3,75,1.0,808,1.2,0.1,Autumn,No Holiday,Yes,2018,11,15,3,0,0,1278
9,6.8,64,1.0,949,0.4,0.5,Autumn,No Holiday,Yes,2018,11,15,3,0,0,995
10,8.6,57,0.6,1102,0.5,0.77,Autumn,No Holiday,Yes,2018,11,15,3,0,0,954
11,11.1,47,1.2,1047,0.1,1.48,Autumn,No Holiday,Yes,2018,11,15,3,0,0,818
12,13.8,43,0.9,987,1.4,1.61,Autumn,No Holiday,Yes,2018,11,15,3,0,0,1006
13,14.988368402799866,37,1.9,990,0.4,1.74,Autumn,No Holiday,Yes,2018,11,15,3,0,0,1031
14,15.1,33,1.5,1045,-1.0,1.31,Autumn,No Holiday,Yes,2018,11,15,3,0,0,1058
15,16.1,30,1.0,1125,-1.5,1.06,Autumn,No Holiday,Yes,2018,11,15,3,0,0,1157
16,15.4,34,1.4,1016,-0.4,0.68,Autumn,No Holiday,Yes,2018,11,15,3,0,0,1388
17,13.790568783005916,38,1.4,884,-0.3,0.29,Autumn,No Holiday,Yes,2018,11,15,3,0,0,1755
18,12.1,46,1.4,799,0.8,0.01,Autumn,No Holiday,Yes,2018,11,15,3,0,0,1564
19,11.2,46,1.4,869,0.0,0.0,Autumn,No Holiday,Yes,2018,11,15,3,0,0,1322
20,9.5,49,1.3,918,-0.7,0.0,Autumn,No Holiday,Yes,2018,11,15,3,0,0,1184
21,9.6,52,1.3,906,0.2,0.0,Autumn,No Holiday,Yes,2018,11,15,3,0,0,1163
22,8.7,53,0.4,764,-0.3,0.0,Autumn,No Holiday,Yes,2018,11,15,3,0,0,1052
23,8.1,57,0.7,752,0.0,0.0,Autumn,No Holiday,Yes,2018,11,15,3,0,0,812
0,7.8,57,0.3,792,-0.2,0.0,Autumn,No Holiday,Yes,2018,11,16,4,0,0,630
1,7.8,59,0.6,768,0.2,0.0,Autumn,No Holiday,Yes,2018,11,16,4,0,0,518
2,7.7,63,1.0,704,1.0,0.0,Autumn,No Holiday,Yes,2018,11,16,4,0,0,371
3,7.4,63,0.6,699,0.8,0.0,Autumn,No Holiday,Yes,2018,11,16,4,0,0,255
4,7.1,64,0.6,663,0.7,0.0,Autumn,No Holiday,Yes,2018,11,16,4,0,0,159
5,6.9,66,0.5,698,0.9,0.0,Autumn,No Holiday,Yes,2018,11,16,4,0,0,153
6,7.038649355698398,65,0.5,713,0.9,0.0,Autumn,No Holiday,Yes,2018,11,16,4,0,0,325
7,6.6,64,0.5,701,0.2,0.0,Autumn,No Holiday,Yes,2018,11,16,4,0,0,803
8,6.949501691564066,64,0.8,683,0.6,0.03,Autumn,No Holiday,Yes,2018,11,16,4,0,0,1045
9,8.2,61,0.6,586,1.1,0.26,Autumn,No Holiday,Yes,2018,11,16,4,0,0,1040
10,9.4,55,0.1,570,0.7,0.49,Autumn,No Holiday,Yes,2018,11,16,4,0,0,959
11,11.9,44,2.1,791,0.0,1.22,Autumn,No Holiday,Yes,2018,11,16,4,0,0,848
12,13.4,48,2.3,962,2.5,1.64,Autumn,No Holiday,Yes,2018,11,16,4,0,0,973
13,14.4,49,3.5,890,3.8,1.71,Autumn,No Holiday,Yes,2018,11,16,4,0,0,991
14,13.3,53,2.6,761,3.9,1.34,Autumn,No Holiday,Yes,2018,11,16,4,0,0,972
15,13.2,61,3.9,719,5.8,1.03,Autumn,No Holiday,Yes,2018,11,16,4,0,0,1014
16,11.8,66,3.0,687,5.6,0.44,Autumn,No Holiday,Yes,2018,11,16,4,0,0,903
17,11.0,70,2.9,617,5.7,0.12,Autumn,No Holiday,Yes,2018,11,16,4,0,0,1100
18,9.9,74,2.6,492,5.4,0.0,Autumn,No Holiday,Yes,2018,11,16,4,0,0,863
19,8.7,78,2.5,460,5.0,0.0,Autumn,No Holiday,Yes,2018,11,16,4,0,0,846
20,7.562267559427809,76,3.9,603,3.6,0.0,Autumn,No Holiday,Yes,2018,11,16,4,0,0,787
21,6.8,73,2.3,730,2.2,0.0,Autumn,No Holiday,Yes,2018,11,16,4,0,0,771
22,6.176514967195234,72,1.4,848,1.5,0.0,Autumn,No Holiday,Yes,2018,11,16,4,0,0,779
23,5.0,75,1.1,835,0.9,0.0,Autumn,No Holiday,Yes,2018,11,16,4,0,0,810
0,4.2,76,2.1,870,0.3,0.0,Autumn,No Holiday,Yes,2018,11,17,5,0,0,404
1,3.4,76,0.5,909,-0.4,0.0,Autumn,No Holiday,Yes,2018,11,17,5,0,0,383
2,2.9,77,1.8,853,-0.7,0.0,Autumn,No Holiday,Yes,2018,11,17,5,0,0,312
3,2.5,77,2.3,992,-1.1,0.0,Autumn,No Holiday,Yes,2018,11,17,5,0,0,206
4,1.7,74,1.7,1226,-2.4,0.0,Autumn,No Holiday,Yes,2018,11,17,5,0,0,140
5,1.1,75,0.6,1270,-2.8,0.0,Autumn,No Holiday,Yes,2018,11,17,5,0,0,139
6,1.0,77,0.6,1259,-2.5,0.0,Autumn,No Holiday,Yes,2018,11,17,5,0,0,190
7,0.8,77,0.9,1300,-2.7,0.0,Autumn,No Holiday,Yes,2018,11,17,5,0,0,643
8,0.7,72,1.0,1397,-3.7,0.05,Autumn,No Holiday,Yes,2018,11,17,5,0,0,791
9,2.2,53,0.5,1595,-6.4,0.62,Autumn,No Holiday,Yes,2018,11,17,5,0,0,909
10,4.7,47,1.2,1788,-5.6,1.22,Autumn,No Holiday,Yes,2018,11,17,5,0,0,866
11,7.8,38,0.8,1369,-5.6,1.65,Autumn,No Holiday,Yes,2018,11,17,5,0,0,843
12,9.1,34,1.0,1802,-5.9,1.95,Autumn,No Holiday,Yes,2018,11,17,5,0,0,917
13,10.9,32,2.1,1581,-5.1,1.85,Autumn,No Holiday,Yes,2018,11,17,5,0,0,1006
14,9.7,34,1.9,1786,-5.4,0.8,Autumn,No Holiday,Yes,2018,11,17,5,0,0,966
15,8.9,34,2.9,1787,-6.1,0.52,Autumn,No Holiday,Yes,2018,11,17,5,0,0,955
16,8.3,35,2.1,1987,-6.2,0.37,Autumn,No Holiday,Yes,2018,11,17,5,0,0,964
17,7.7,34,2.6,2000,-7.2,0.13,Autumn,No Holiday,Yes,2018,11,17,5,0,0,943
18,7.113105559594904,40,0.6,1995,-5.6,0.01,Autumn,No Holiday,Yes,2018,11,17,5,0,0,870
19,6.0,44,0.8,1758,-5.3,0.0,Autumn,No Holiday,Yes,2018,11,17,5,0,0,768
20,5.400155052766285,43,2.7,1913,-6.2,0.0,Autumn,No Holiday,Yes,2018,11,17,5,0,0,800
21,5.0,42,1.5,1927,-6.8,0.0,Autumn,No Holiday,Yes,2018,11,17,5,0,0,807
22,4.4,43,1.1,2000,-7.1,0.0,Autumn,No Holiday,Yes,2018,11,17,5,0,0,773
23,4.1,46,1.8,2000,-6.5,0.0,Autumn,No Holiday,Yes,2018,11,17,5,0,0,717
0,3.6,49,0.8,1990,-6.1,0.0,Autumn,No Holiday,Yes,2018,11,18,6,0,0,464
1,3.2,54,1.2,1968,-5.2,0.0,Autumn,No Holiday,Yes,2018,11,18,6,0,0,430
2,2.9,49,2.0,1989,-6.7,0.0,Autumn,No Holiday,Yes,2018,11,18,6,0,0,311
3,2.5,49,0.2,2000,-7.1,0.0,Autumn,No Holiday,Yes,2018,11,18,6,0,0,232
4,2.5,49,0.4,1988,-7.1,0.0,Autumn,No Holiday,Yes,2018,11,18,6,0,0,164
5,2.3,53,0.6,1763,-6.3,0.0,Autumn,No Holiday,Yes,2018,11,18,6,0,0,153
6,1.9,53,0.4,1813,-6.6,0.0,Autumn,No Holiday,Yes,2018,11,18,6,0,0,209
7,2.1,56,0.7,1477,-5.7,0.0,Autumn,No Holiday,Yes,2018,11,18,6,0,0,660
8,2.6,53,0.7,1548,-6.0,0.03,Autumn,No Holiday,Yes,2018,11,18,6,0,0,807
9,3.5,53,1.0,1338,-5.2,0.22,Autumn,No Holiday,Yes,2018,11,18,6,0,0,858
10,4.8,40,1.1,1676,-7.6,0.59,Autumn,No Holiday,Yes,2018,11,18,6,0,0,833
11,7.6,35,0.8,1695,-6.9,1.25,Autumn,No Holiday,Yes,2018,11,18,6,0,0,796
12,9.2,47,2.5,1910,-1.5,1.37,Autumn,No Holiday,Yes,2018,11,18,6,0,0,813
13,9.9,37,2.1,1900,-4.1,1.32,Autumn,No Holiday,Yes,2018,11,18,6,0,0,892
14,10.1,37,2.4,1723,-3.9,1.24,Autumn,No Holiday,Yes,2018,11,18,6,0,0,919
15,9.624570933896692,34,1.6,1806,-5.5,0.73,Autumn,No Holiday,Yes,2018,11,18,6,0,0,926
16,9.4,39,1.8,1704,-3.8,0.56,Autumn,No Holiday,Yes,2018,11,18,6,0,0,908
17,8.7,42,1.7,1576,-3.5,0.18,Autumn,No Holiday,Yes,2018,11,18,6,0,0,944
18,8.4,46,2.4,1823,-2.5,0.0,Autumn,No Holiday,Yes,2018,11,18,6,0,0,884
19,7.9,45,1.0,1602,-3.3,0.0,Autumn,No Holiday,Yes,2018,11,18,6,0,0,794
20,7.4,50,0.7,1499,-2.3,0.0,Autumn,No Holiday,Yes,2018,11,18,6,0,0,719
21,7.1,52,0.8,1516,-2.1,0.0,Autumn,No Holiday,Yes,2018,11,18,6,0,0,697
22,6.8,53,0.4,1498,-2.1,0.0,Autumn,No Holiday,Yes,2018,11,18,6,0,0,699
23,7.0,55,0.2,1501,-1.4,0.0,Autumn,No Holiday,Yes,2018,11,18,6,0,0,702
0,6.882812202779164,56,0.7,1505,-1.3,0.0,Autumn,No Holiday,Yes,2018,11,19,0,0,0,457
1,5.9,60,0.5,1332,-1.2,0.0,Autumn,No Holiday,Yes,2018,11,19,0,0,0,351
2,5.4,65,0.7,1230,-0.6,0.0,Autumn,No Holiday,Yes,2018,11,19,0,0,0,228
3,4.8,65,0.8,1179,-1.2,0.0,Autumn,No Holiday,Yes,2018,11,19,0,0,0,152
4,4.5,67,0.9,1175,-1.1,0.0,Autumn,No Holiday,Yes,2018,11,19,0,0,0,124
5,4.1,70,1.0,1100,-0.8,0.0,Autumn,No Holiday,Yes,2018,11,19,0,0,0,127
6,3.8,71,0.7,1071,-0.9,0.0,Autumn,No Holiday,Yes,2018,11,19,0,0,0,292
7,3.4,73,1.1,1012,-0.9,0.0,Autumn,No Holiday,Yes,2018,11,19,0,0,0,941
8,3.5,71,0.8,958,-1.2,0.06,Autumn,No Holiday,Yes,2018,11,19,0,0,0,1260
9,4.6,60,0.8,967,-2.5,0.46,Autumn,No Holiday,Yes,2018,11,19,0,0,0,1064
10,7.5,53,0.8,909,-1.4,1.0,Autumn,No Holiday,Yes,2018,11,19,0,0,0,860
11,9.8,51,0.5,781,0.1,1.42,Autumn,No Holiday,Yes,2018,11,19,0,0,0,857
12,10.3,38,1.2,1130,-3.4,1.08,Autumn,No Holiday,Yes,2018,11,19,0,0,0,858
13,10.89151713529159,44,2.0,935,-0.9,1.01,Autumn,No Holiday,Yes,2018,11,19,0,0,0,869
14,10.6,34,2.8,920,-4.6,1.07,Autumn,No Holiday,Yes,2018,11,19,0,0,0,878
15,11.1,35,1.9,861,-3.8,1.11,Autumn,No Holiday,Yes,2018,11,19,0,0,0,933
16,9.7,43,2.7,1012,-2.2,0.37,Autumn,No Holiday,Yes,2018,11,19,0,0,0,1097
17,8.7,48,1.7,965,-1.7,0.25,Autumn,No Holiday,Yes,2018,11,19,0,0,0,1336
18,7.5,48,2.4,1079,-2.8,0.0,Autumn,No Holiday,Yes,2018,11,19,0,0,0,1003
19,6.8,52,0.8,960,-2.3,0.0,Autumn,No Holiday,Yes,2018,11,19,0,0,0,929
20,6.0,50,1.5,931,-3.6,0.0,Autumn,No Holiday,Yes,2018,11,19,0,0,0,877
21,5.8,44,2.2,1205,-5.5,0.0,Autumn,No Holiday,Yes,2018,11,19,0,0,0,890
22,5.3,39,2.3,1512,-7.5,0.0,Autumn,No Holiday,Yes,2018,11,19,0,0,0,868
23,4.2,42,2.2,1360,-7.6,0.0,Autumn,No Holiday,Yes,2018,11,19,0,0,0,769
0,3.8,42,1.7,1458,-7.9,0.0,Autumn,No Holiday,Yes,2018,11,20,1,0,0,385
1,2.9,43,1.0,1750,-8.4,0.0,Autumn,No Holiday,Yes,2018,11,20,1,0,0,343
2,2.6853048484212594,46,1.5,1811,-7.8,0.0,Autumn,No Holiday,Yes,2018,11,20,1,0,0,234
3,1.6,43,1.1,1981,-9.6,0.0,Autumn,No Holiday,Yes,2018,11,20,1,0,0,169
4,1.3,48,0.5,2000,-8.5,0.0,Autumn,No Holiday,Yes,2018,11,20,1,0,0,155
5,0.7,49,0.4,1998,-8.8,0.0,Autumn,No Holiday,Yes,2018,11,20,1,0,0,154
6,0.7,50,1.0,2000,-8.5,0.0,Autumn,No Holiday,Yes,2018,11,20,1,0,0,294
7,0.5,53,1.1,2000,-7.9,0.0,Autumn,No Holiday,Yes,2018,11,20,1,0,0,829
8,0.3,53,0.9,1971,-8.1,0.05,Autumn,No Holiday,Yes,2018,11,20,1,0,0,1141
9,2.3,43,1.2,1892,-9.0,0.52,Autumn,No Holiday,Yes,2018,11,20,1,0,0,958
10,5.1,33,1.4,1842,-9.8,1.1,Autumn,No Holiday,Yes,2018,11,20,1,0,0,878
11,7.5,29,1.3,1926,-9.4,1.55,Autumn,No Holiday,Yes,2018,11,20,1,0,0,738
12,10.1,23,1.8,1745,-10.1,1.82,Autumn,No Holiday,Yes,2018,11,20,1,0,0,804
13,11.6,20,1.3,1821,-10.6,1.87,Autumn,No Holiday,Yes,2018,11,20,1,0,0,899
14,12.3,16,2.5,1797,-12.8,1.69,Autumn,No Holiday,Yes,2018,11,20,1,0,0,960
15,11.9,18,3.3,1848,-11.7,1.32,Autumn,No Holiday,Yes,2018,11,20,1,0,0,965
16,11.3,21,2.8,1925,-10.2,0.82,Autumn,No Holiday,Yes,2018,11,20,1,0,0,1021
17,9.8,28,2.4,1983,-7.8,0.29,Autumn,No Holiday,Yes,2018,11,20,1,0,0,1216
18,9.1,31,2.0,1932,-7.1,0.0,Autumn,No Holiday,Yes,2018,11,20,1,0,0,1184
19,8.7,34,2.2,1857,-6.3,0.0,Autumn,No Holiday,Yes,2018,11,20,1,0,0,1111
20,8.595656463939433,32,2.6,1789,-7.2,0.0,Autumn,No Holiday,Yes,2018,11,20,1,0,0,1052
21,8.818010095793097,37,3.8,1750,-5.1,0.0,Autumn,No Holiday,Yes,2018,11,20,1,0,0,1056
22,8.9,40,3.4,1810,-3.9,0.0,Autumn,No Holiday,Yes,2018,11,20,1,0,0,998
23,9.3,43,3.5,1807,-2.6,0.0,Autumn,No Holiday,Yes,2018,11,20,1,0,0,777
0,7.2,74,1.2,772,2.8,0.0,Autumn,No Holiday,Yes,2018,11,21,2,1,0,405
1,6.9,86,0.7,533,4.7,0.0,Autumn,No Holiday,Yes,2018,11,21,2,0,0,348
2,6.9,87,0.7,822,4.8,0.0,Autumn,No Holiday,Yes,2018,11,21,2,0,0,293
3,6.5,87,1.0,710,4.4,0.0,Autumn,No Holiday,Yes,2018,11,21,2,1,0,154
4,6.611129327842029,87,1.2,580,4.6,0.0,Autumn,No Holiday,Yes,2018,11,21,2,0,0,152
5,6.8,86,0.5,692,4.6,0.0,Autumn,No Holiday,Yes,2018,11,21,2,0,0,154
6,6.7,86,0.3,593,4.5,0.0,Autumn,No Holiday,Yes,2018,11,21,2,0,0,295
7,6.5,85,0.8,536,4.1,0.0,Autumn,No Holiday,Yes,2018,11,21,2,0,0,764
8,6.4,86,0.9,450,4.2,0.03,Autumn,No Holiday,Yes,2018,11,21,2,0,0,871
9,6.4,53,0.7,1486,-2.5,0.21,Autumn,No Holiday,Yes,2018,11,21,2,0,0,1013
10,6.9,39,0.5,1977,-6.1,0.36,Autumn,No Holiday,Yes,2018,11,21,2,0,0,934
11,7.4,30,1.4,2000,-9.0,0.44,Autumn,No Holiday,Yes,2018,11,21,2,0,0,909
12,7.7,34,0.6,1969,-7.2,0.49,Autumn,No Holiday,Yes,2018,11,21,2,0,0,921
13,8.065847060416424,35,1.3,1895,-6.5,0.5,Autumn,No Holiday,Yes,2018,11,21,2,0,0,904
14,6.7,47,2.4,2000,-3.8,0.42,Autumn,No Holiday,Yes,2018,11,21,2,0,0,956
15,5.7,53,2.0,2000,-3.1,0.22,Autumn,No Holiday,Yes,2018,11,21,2,0,0,1033
16,6.1,53,0.5,2000,-2.7,0.21,Autumn,No Holiday,Yes,2018,11,21,2,0,0,1088
17,5.7,61,2.2,1987,-1.2,0.07,Autumn,No Holiday,Yes,2018,11,21,2,0,0,1189
18,5.413968212556181,58,0.2,2000,-2.2,0.0,Autumn,No Holiday,Yes,2018,11,21,2,0,0,1007
19,5.1,50,0.7,2000,-4.4,0.0,Autumn,No Holiday,Yes,2018,11,21,2,0,0,959
20,5.1,43,0.7,1928,-6.4,0.0,Autumn,No Holiday,Yes,2018,11,21,2,0,0,941
21,4.6,44,1.1,1859,-6.6,0.0,Autumn,No Holiday,Yes,2018,11,21,2,0,0,938
22,4.6,48,2.2,1782,-5.4,0.0,Autumn,No Holiday,Yes,2018,11,21,2,0,0,889
23,3.9,46,2.0,1904,-6.6,0.0,Autumn,No Holiday,Yes,2018,11,21,2,0,0,791
0,3.1,42,3.4,1995,-8.5,0.0,Autumn,No Holiday,Yes,2018,11,22,3,0,0,417
1,2.1,39,3.2,1299,-10.4,0.0,Autumn,No Holiday,Yes,2018,11,22,3,0,0,342
2,1.3,44,1.9,2000,-9.6,0.0,Autumn,No Holiday,Yes,2018,11,22,3,0,0,247
3,0.6,42,1.1,2000,-10.8,0.0,Autumn,No Holiday,Yes,2018,11,22,3,0,0,176
4,0.5,39,1.6,2000,-11.8,0.0,Autumn,No Holiday,Yes,2018,11,22,3,0,0,148
5,-0.4,39,0.8,2000,-12.6,0.0,Autumn,No Holiday,Yes,2018,11,22,3,0,0,142
6,-1.0,41,0.7,2000,-12.6,0.0,Autumn,No Holiday,Yes,2018,11,22,3,0,0,261
7,-1.0,43,1.8,2000,-12.0,0.0,Autumn,No Holiday,Yes,2018,11,22,3,0,0,797
8,-1.2,33,0.5,2000,-15.4,0.04,Autumn,No Holiday,Yes,2018,11,22,3,0,0,1101
9,0.2,28,1.9,1932,-16.2,0.57,Autumn,No Holiday,Yes,2018,11,22,3,0,0,876
10,2.9,22,2.0,1989,-16.7,1.18,Autumn,No Holiday,Yes,2018,11,22,3,0,0,876
11,5.201239004204081,21,3.2,1965,-15.4,1.63,Autumn,No Holiday,Yes,2018,11,22,3,0,0,836
12,5.9,23,2.8,1985,-13.7,1.88,Autumn,No Holiday,Yes,2018,11,22,3,0,0,776
13,6.5,26,2.4,1974,-11.6,1.84,Autumn,No Holiday,Yes,2018,11,22,3,0,0,780
14,6.7,27,3.1,1976,-11.0,1.66,Autumn,No Holiday,Yes,2018,11,22,3,0,0,801
15,6.9,31,2.9,1982,-9.1,1.21,Autumn,No Holiday,Yes,2018,11,22,3,0,0,851
16,5.9,34,2.9,1985,-8.7,0.55,Autumn,No Holiday,Yes,2018,11,22,3,0,0,908
17,4.9,41,3.3,1985,-7.2,0.25,Autumn,No Holiday,Yes,2018,11,22,3,0,0,1097
18,4.1,46,2.7,2000,-6.5,0.01,Autumn,No Holiday,Yes,2018,11,22,3,0,0,998
19,3.6,48,2.6,2000,-6.4,0.0,Autumn,No Holiday,Yes,2018,11,22,3,0,0,929
20,3.1,42,2.4,2000,-8.5,0.0,Autumn,No Holiday,Yes,2018,11,22,3,0,0,889
21,2.2,28,3.2,2000,-14.4,0.0,Autumn,No Holiday,Yes,2018,11,22,3,0,0,877
22,1.1,33,2.5,2000,-13.4,0.0,Autumn,No Holiday,Yes,2018,11,22,3,0,0,822
23,0.4,37,2.9,2000,-12.6,0.0,Autumn,No Holiday,Yes,2018,11,22,3,0,0,719
0,-0.21003302155655101,41,3.1,2000,-11.9,0.0,Autumn,No Holiday,Yes,2018,11,23,4,0,0,354
1,-0.6,44,2.3,2000,-11.3,0.0,Autumn,No Holiday,Yes,2018,11,23,4,0,0,330
2,-1.0,43,3.1,2000,-12.0,0.0,Autumn,No Holiday,Yes,2018,11,23,4,0,0,253
3,-1.2,45,1.1,2000,-11.6,0.0,Autumn,No Holiday,Yes,2018,11,23,4,0,0,177
4,-2.0,42,0.7,2000,-13.2,0.0,Autumn,No Holiday,Yes,2018,11,23,4,0,0,146
5,-2.4,37,0.5,2000,-15.1,0.0,Autumn,No Holiday,Yes,2018,11,23,4,0,0,148
6,-2.6,40,1.4,2000,-14.3,0.0,Autumn,No Holiday,Yes,2018,11,23,4,0,0,239
7,-2.8,42,1.3,2000,-13.9,0.0,Autumn,No Holiday,Yes,2018,11,23,4,0,0,791
8,-3.0,43,1.1,2000,-13.8,0.03,Autumn,No Holiday,Yes,2018,11,23,4,0,0,1024
9,-1.5,33,0.9,1962,-15.7,0.57,Autumn,No Holiday,Yes,2018,11,23,4,0,0,898
10,1.404572418416425,27,0.9,1856,-15.6,1.13,Autumn,No Holiday,Yes,2018,11,23,4,0,0,929
11,4.3,25,2.0,1958,-14.0,1.56,Autumn,No Holiday,Yes,2018,11,23,4,0,0,846
12,5.5,20,1.4,1992,-15.7,1.85,Autumn,No Holiday,Yes,2018,11,23,4,0,0,864
13,6.5,18,2.2,1984,-16.1,1.94,Autumn,No Holiday,Yes,2018,11,23,4,0,0,797
14,6.3,16,2.9,2000,-17.7,1.67,Autumn,No Holiday,Yes,2018,11,23,4,0,0,817
15,6.4,16,2.0,2000,-17.6,1.01,Autumn,No Holiday,Yes,2018,11,23,4,0,0,879
16,6.3,17,1.5,2000,-17.0,0.73,Autumn,No Holiday,Yes,2018,11,23,4,0,0,910
17,5.4,19,0.5,2000,-16.4,0.27,Autumn,No Holiday,Yes,2018,11,23,4,0,0,1122
18,3.9,23,1.0,2000,-15.4,0.0,Autumn,No Holiday,Yes,2018,11,23,4,0,0,962
19,2.9,26,1.1,2000,-14.7,0.0,Autumn,No Holiday,Yes,2018,11,23,4,0,0,893
20,2.7,27,1.2,2000,-14.4,0.0,Autumn,No Holiday,Yes,2018,11,23,4,0,0,867
21,2.2,28,0.8,2000,-14.4,0.0,Autumn,No Holiday,Yes,2018,11,23,4,0,0,887
22,2.0,30,1.3,1995,-13.8,0.0,Autumn,No Holiday,Yes,2018,11,23,4,0,0,829
23,2.1,32,1.5,1998,-12.9,0.0,Autumn,No Holiday,Yes,2018,11,23,4,0,0,735
0,2.4,32,1.7,2000,-12.6,0.0,Autumn,No Holiday,Yes,2018,11,24,5,0,0,400
1,2.4,30,1.3,2000,-13.4,0.0,Autumn,No Holiday,Yes,2018,11,24,5,0,0,375
2,2.5,29,1.8,2000,-13.7,0.0,Autumn,No Holiday,Yes,2018,11,24,5,0,0,300
3,2.8,28,1.6,2000,-13.9,0.0,Autumn,No Holiday,Yes,2018,11,24,5,0,0,222
4,3.0,26,1.6,2000,-14.6,0.0,Autumn,No Holiday,Yes,2018,11,24,5,0,0,162
5,3.2,27,1.6,2000,-14.0,0.0,Autumn,No Holiday,Yes,2018,11,24,5,0,0,160
6,3.7,25,2.3,2000,-14.5,0.0,Autumn,No Holiday,Yes,2018,11,24,5,0,0,231
7,1.2,87,1.9,77,-0.7,0.0,Autumn,No Holiday,Yes,2018,11,24,5,0,1,559
8,0.4,96,3.1,33,-0.1,0.0,Autumn,No Holiday,Yes,2018,11,24,5,0,1,583
9,0.3,97,3.0,34,-0.1,0.0,Autumn,No Holiday,Yes,2018,11,24,5,1,1,475
10,0.4,97,1.8,207,0.0,0.0,Autumn,No Holiday,Yes,2018,11,24,5,0,1,555
11,1.2,97,2.3,975,0.7,0.07,Autumn,No Holiday,Yes,2018,11,24,5,0,1,586
12,2.5,84,1.9,1538,0.0,0.4,Autumn,No Holiday,Yes,2018,11,24,5,1,1,658
13,2.598445763506443,83,1.9,1774,0.0,0.84,Autumn,No Holiday,Yes,2018,11,24,5,0,1,747
14,3.0,82,1.7,1589,0.2,0.55,Autumn,No Holiday,Yes,2018,11,24,5,0,1,734
15,3.7,78,2.0,1314,0.2,0.81,Autumn,No Holiday,Yes,2018,11,24,5,0,1,846
16,3.5,82,1.6,1092,0.7,0.51,Autumn,No Holiday,Yes,2018,11,24,5,0,1,757
17,2.9,85,1.6,1000,0.6,0.2,Autumn,No Holiday,Yes,2018,11,24,5,0,1,706
18,2.6,86,1.1,834,0.4,0.0,Autumn,No Holiday,Yes,2018,11,24,5,0,1,629
19,2.6,85,1.2,797,0.3,0.0,Autumn,No Holiday,Yes,2018,11,24,5,0,1,648
20,2.6,86,1.7,676,0.4,0.0,Autumn,No Holiday,Yes,2018,11,24,5,0,1,623
21,2.6,85,1.1,674,0.3,0.0,Autumn,No Holiday,Yes,2018,11,24,5,0,1,639
22,2.7,85,1.1,580,0.4,0.0,Autumn,No Holiday,Yes,2018,11,24,5,0,1,631
23,2.8,86,1.2,476,0.6,0.0,Autumn,No Holiday,Yes,2018,11,24,5,0,1,606
0,2.7,86,1.2,422,0.5,0.0,Autumn,No Holiday,Yes,2018,11,25,6,0,1,348
1,2.7,86,1.0,460,0.5,0.0,Autumn,No Holiday,Yes,2018,11,25,6,0,1,324
2,2.8,86,0.8,402,0.6,0.0,Autumn,No Holiday,Yes,2018,11,25,6,0,1,237
3,2.588484649613679,88,0.9,319,0.8,0.0,Autumn,No Holiday,Yes,2018,11,25,6,0,1,173
4,2.4,89,0.7,321,0.7,0.0,Autumn,No Holiday,Yes,2018,11,25,6,0,1,116
5,2.1,94,0.4,248,1.2,0.0,Autumn,No Holiday,Yes,2018,11,25,6,0,1,112
6,1.7,95,0.7,220,0.9,0.0,Autumn,No Holiday,Yes,2018,11,25,6,0,1,146
7,1.3,96,0.9,198,0.7,0.0,Autumn,No Holiday,Yes,2018,11,25,6,0,1,503
8,1.4,96,1.0,212,0.8,0.04,Autumn,No Holiday,Yes,2018,11,25,6,0,1,606
9,2.3,88,1.1,286,0.5,0.41,Autumn,No Holiday,Yes,2018,11,25,6,0,1,650
10,3.9497694515290434,76,1.3,404,0.1,0.93,Autumn,No Holiday,Yes,2018,11,25,6,0,1,823
11,5.9766212354366814,66,0.9,573,0.1,1.37,Autumn,No Holiday,Yes,2018,11,25,6,0,1,666
12,6.9,59,0.9,669,-0.5,1.31,Autumn,No Holiday,Yes,2018,11,25,6,0,1,711
13,8.8,53,1.5,778,-0.2,1.43,Autumn,No Holiday,Yes,2018,11,25,6,0,1,785
14,9.2,52,1.3,765,-0.1,1.01,Autumn,No Holiday,Yes,2018,11,25,6,0,1,805
15,9.5,54,1.3,675,0.6,0.76,Autumn,No Holiday,Yes,2018,11,25,6,0,1,801
16,9.5,56,1.1,678,1.1,0.54,Autumn,No Holiday,Yes,2018,11,25,6,0,1,782
17,9.0,59,0.7,677,1.4,0.1,Autumn,No Holiday,Yes,2018,11,25,6,0,1,861
18,7.3,72,0.7,530,2.5,0.0,Autumn,No Holiday,Yes,2018,11,25,6,0,1,628
19,6.3,73,1.1,524,1.8,0.0,Autumn,No Holiday,Yes,2018,11,25,6,0,1,578
20,5.5,77,0.7,490,1.7,0.0,Autumn,No Holiday,Yes,2018,11,25,6,0,1,678
21,4.684262057645846,81,1.0,437,1.7,0.0,Autumn,No Holiday,Yes,2018,11,25,6,0,1,619
22,4.2,82,0.9,405,1.3,0.0,Autumn,No Holiday,Yes,2018,11,25,6,0,1,615
23,3.8,83,1.1,390,1.1,0.0,Autumn,No Holiday,Yes,2018,11,25,6,0,1,602
0,3.3,85,1.1,351,1.0,0.0,Autumn,No Holiday,Yes,2018,11,26,0,0,1,304
1,3.1,84,1.0,365,0.6,0.0,Autumn,No Holiday,Yes,2018,11,26,0,0,1,280
2,2.8,87,1.1,321,0.8,0.0,Autumn,No Holiday,Yes,2018,11,26,0,0,1,199
3,2.4,90,1.0,269,0.9,0.0,Autumn,No Holiday,Yes,2018,11,26,0,0,1,136
4,2.2,93,1.1,265,1.1,0.0,Autumn,No Holiday,Yes,2018,11,26,0,0,1,113
5,2.1,88,1.4,323,0.3,0.0,Autumn,No Holiday,Yes,2018,11,26,0,0,1,121
6,1.8,88,1.1,313,0.0,0.0,Autumn,No Holiday,Yes,2018,11,26,0,0,1,250
7,1.7,89,1.3,295,0.0,0.0,Autumn,No Holiday,Yes,2018,11,26,0,0,1,807
8,2.0,84,1.1,396,-0.4,0.03,Autumn,No Holiday,Yes,2018,11,26,0,0,1,1027
9,3.1,77,0.9,457,-0.5,0.4,Autumn,No Holiday,Yes,2018,11,26,0,0,1,1063
10,5.1,70,1.2,498,0.0,0.93,Autumn,No Holiday,Yes,2018,11,26,0,0,0,984
11,7.2,66,1.5,542,1.2,1.41,Autumn,No Holiday,Yes,2018,11,26,0,0,0,804
12,9.1,57,1.1,562,1.0,1.69,Autumn,No Holiday,Yes,2018,11,26,0,0,0,840
13,11.689846037351243,50,1.4,609,1.6,1.74,Autumn,No Holiday,Yes,2018,11,26,0,0,0,853
14,12.8,47,1.2,648,1.7,1.59,Autumn,No Holiday,Yes,2018,11,26,0,0,0,918
15,13.2,43,1.1,714,0.8,1.26,Autumn,No Holiday,Yes,2018,11,26,0,0,0,1084
16,13.2,44,1.6,710,1.1,0.76,Autumn,No Holiday,Yes,2018,11,26,0,0,0,1244
17,11.32973811652936,48,0.4,706,0.7,0.24,Autumn,No Holiday,Yes,2018,11,26,0,0,0,1461
18,9.5,56,0.5,628,1.1,0.0,Autumn,No Holiday,Yes,2018,11,26,0,0,0,1175
19,8.4,61,0.3,573,1.3,0.0,Autumn,No Holiday,Yes,2018,11,26,0,0,0,1066
20,7.3,66,0.5,516,1.3,0.0,Autumn,No Holiday,Yes,2018,11,26,0,0,0,882
21,6.7,71,0.9,461,1.8,0.0,Autumn,No Holiday,Yes,2018,11,26,0,0,0,829
22,6.2,70,0.4,474,1.1,0.0,Autumn,No Holiday,Yes,2018,11,26,0,0,0,826
23,5.329347135790914,78,1.5,404,1.8,0.0,Autumn,No Holiday,Yes,2018,11,26,0,0,0,750
0,4.9,79,0.5,391,1.5,0.0,Autumn,No Holiday,Yes,2018,11,27,1,0,0,341
1,4.5,82,0.4,350,1.6,0.0,Autumn,No Holiday,Yes,2018,11,27,1,0,0,295
2,3.9,85,0.8,299,1.6,0.0,Autumn,No Holiday,Yes,2018,11,27,1,0,0,213
3,3.5,86,1.4,281,1.3,0.0,Autumn,No Holiday,Yes,2018,11,27,1,0,0,152
4,3.1,88,1.0,270,1.2,0.0,Autumn,No Holiday,Yes,2018,11,27,1,0,0,114
5,3.5519111191476167,84,0.6,315,1.1,0.0,Autumn,No Holiday,Yes,2018,11,27,1,0,0,122
6,3.8,83,0.7,337,1.1,0.0,Autumn,No Holiday,Yes,2018,11,27,1,0,0,242
7,3.6,83,0.9,350,0.9,0.0,Autumn,No Holiday,Yes,2018,11,27,1,0,0,829
8,4.2,78,1.2,362,0.6,0.02,Autumn,No Holiday,Yes,2018,11,27,1,0,0,1080
9,5.0,75,0.3,390,0.9,0.12,Autumn,No Holiday,Yes,2018,11,27,1,0,0,1140
10,6.379591852303713,71,1.0,385,1.5,0.37,Autumn,No Holiday,Yes,2018,11,27,1,0,0,922
11,7.9,64,1.2,383,1.4,0.87,Autumn,No Holiday,Yes,2018,11,27,1,0,0,861
12,9.3,61,1.5,390,2.1,0.85,Autumn,No Holiday,Yes,2018,11,27,1,0,0,889
13,11.0,60,0.9,411,3.5,0.85,Autumn,No Holiday,Yes,2018,11,27,1,0,0,906
14,11.6,70,1.5,388,6.3,0.45,Autumn,No Holiday,Yes,2018,11,27,1,0,0,860
15,12.5,70,2.1,360,7.1,0.68,Autumn,No Holiday,Yes,2018,11,27,1,0,0,924
16,12.0,74,2.1,316,7.5,0.29,Autumn,No Holiday,Yes,2018,11,27,1,0,0,969
17,11.1,72,2.3,277,6.2,0.12,Autumn,No Holiday,Yes,2018,11,27,1,0,0,1202
18,10.2,74,1.2,289,5.7,0.0,Autumn,No Holiday,Yes,2018,11,27,1,0,0,1026
19,9.3,52,2.7,482,0.0,0.0,Autumn,No Holiday,Yes,2018,11,27,1,0,0,1219
20,8.3,39,1.6,560,-4.8,0.0,Autumn,No Holiday,Yes,2018,11,27,1,0,0,1030
21,7.5,35,1.8,656,-7.0,0.0,Autumn,No Holiday,Yes,2018,11,27,1,0,0,892
22,6.6,33,2.1,722,-8.5,0.0,Autumn,No Holiday,Yes,2018,11,27,1,0,0,841
23,5.8,34,2.6,763,-8.8,0.0,Autumn,No Holiday,Yes,2018,11,27,1,0,0,748
0,5.1,36,2.2,774,-8.7,0.0,Autumn,No Holiday,Yes,2018,11,28,2,0,0,371
1,4.9,26,2.6,992,-13.0,0.0,Autumn,No Holiday,Yes,2018,11,28,2,0,0,349
2,4.1,34,1.3,928,-10.3,0.0,Autumn,No Holiday,Yes,2018,11,28,2,0,0,253
3,3.5,38,1.6,907,-9.5,0.0,Autumn,No Holiday,Yes,2018,11,28,2,0,0,185
4,3.9,26,2.4,1071,-13.9,0.0,Autumn,No Holiday,Yes,2018,11,28,2,0,0,135
5,3.0,34,1.1,1032,-11.3,0.0,Autumn,No Holiday,Yes,2018,11,28,2,0,0,146
6,2.6,33,1.5,1185,-12.0,0.0,Autumn,No Holiday,Yes,2018,11,28,2,0,0,279
7,2.5,24,0.2,1306,-16.0,0.0,Autumn,No Holiday,Yes,2018,11,28,2,0,0,951
8,2.1305555396271387,29,1.1,1337,-14.1,0.02,Autumn,No Holiday,Yes,2018,11,28,2,0,0,1099
9,3.0,30,1.3,1242,-12.9,0.3,Autumn,No Holiday,Yes,2018,11,28,2,0,0,1009
10,4.4,23,1.6,1201,-14.9,0.7,Autumn,No Holiday,Yes,2018,11,28,2,0,0,896
11,5.7,15,1.1,1419,-19.0,0.98,Autumn,No Holiday,Yes,2018,11,28,2,0,0,853
12,7.9,14,1.7,1688,-18.0,1.81,Autumn,No Holiday,Yes,2018,11,28,2,0,0,801
13,9.2,13,1.6,1776,-17.8,1.86,Autumn,No Holiday,Yes,2018,11,28,2,0,0,826
14,10.305628129965916,14,1.1,1880,-16.1,1.7,Autumn,No Holiday,Yes,2018,11,28,2,0,0,861
15,10.5,16,2.7,1509,-14.3,1.29,Autumn,No Holiday,Yes,2018,11,28,2,0,0,928
16,9.6,17,3.0,1706,-14.3,0.77,Autumn,No Holiday,Yes,2018,11,28,2,0,0,1003
17,7.6,23,2.9,1678,-12.2,0.25,Autumn,No Holiday,Yes,2018,11,28,2,0,0,1140
18,6.3,25,2.0,1653,-12.3,0.0,Autumn,No Holiday,Yes,2018,11,28,2,0,0,972
19,6.0,24,3.0,1861,-13.0,0.0,Autumn,No Holiday,Yes,2018,11,28,2,0,0,920
20,4.8,29,0.6,1756,-11.7,0.0,Autumn,No Holiday,Yes,2018,11,28,2,0,0,969
21,4.2,31,1.1,1741,-11.4,0.0,Autumn,No Holiday,Yes,2018,11,28,2,0,0,934
22,3.2,34,1.3,1787,-11.1,0.0,Autumn,No Holiday,Yes,2018,11,28,2,0,0,902
23,2.9,31,1.7,1869,-12.6,0.0,Autumn,No Holiday,Yes,2018,11,28,2,0,0,785
0,2.2,30,0.7,1879,-13.6,0.0,Autumn,No Holiday,Yes,2018,11,29,3,0,0,372
1,1.9,32,1.4,1999,-13.0,0.0,Autumn,No Holiday,Yes,2018,11,29,3,0,0,338
2,2.1,28,0.4,1981,-14.5,0.0,Autumn,No Holiday,Yes,2018,11,29,3,0,0,263
3,1.9,33,0.9,1994,-12.7,0.0,Autumn,No Holiday,Yes,2018,11,29,3,0,0,177
4,2.1,33,0.5,1981,-12.5,0.0,Autumn,No Holiday,Yes,2018,11,29,3,0,0,159
5,1.8,34,0.9,1990,-12.4,0.0,Autumn,No Holiday,Yes,2018,11,29,3,0,0,145
6,1.1,39,1.3,1857,-11.3,0.0,Autumn,No Holiday,Yes,2018,11,29,3,0,0,279
7,0.8,41,0.6,1298,-10.9,0.0,Autumn,No Holiday,Yes,2018,11,29,3,0,0,899
8,0.8,44,1.7,1439,-10.0,0.02,Autumn,No Holiday,Yes,2018,11,29,3,0,0,1071
9,1.8,37,0.9,1310,-11.3,0.31,Autumn,No Holiday,Yes,2018,11,29,3,0,0,1027
10,3.9,28,0.6,1627,-12.9,0.49,Autumn,No Holiday,Yes,2018,11,29,3,0,0,1000
11,5.2,26,0.5,1471,-12.7,0.64,Autumn,No Holiday,Yes,2018,11,29,3,0,0,959
12,5.6,27,0.3,1522,-11.9,0.34,Autumn,No Holiday,Yes,2018,11,29,3,0,0,1041
13,5.299954147212239,26,2.1,1604,-12.7,0.21,Autumn,No Holiday,Yes,2018,11,29,3,0,0,976
14,6.0,27,0.6,1452,-11.6,0.34,Autumn,No Holiday,Yes,2018,11,29,3,0,0,947
15,6.5,32,2.6,1321,-9.0,0.35,Autumn,No Holiday,Yes,2018,11,29,3,0,0,944
16,5.8,39,2.6,1489,-7.1,0.1,Autumn,No Holiday,Yes,2018,11,29,3,0,0,1017
17,5.8,38,1.3,1674,-7.4,0.01,Autumn,No Holiday,Yes,2018,11,29,3,0,0,981
18,5.960467312779806,46,0.9,1566,-4.8,0.0,Autumn,No Holiday,Yes,2018,11,29,3,0,0,974
19,5.236912611322951,48,1.9,1590,-4.9,0.0,Autumn,No Holiday,Yes,2018,11,29,3,0,0,960
20,4.195873138787465,54,1.3,1434,-4.3,0.0,Autumn,No Holiday,Yes,2018,11,29,3,0,0,934
21,3.8,55,2.1,1231,-4.4,0.0,Autumn,No Holiday,Yes,2018,11,29,3,0,0,929
22,3.0,59,1.1,1218,-4.2,0.0,Autumn,No Holiday,Yes,2018,11,29,3,0,0,903
23,2.6099161663960695,56,1.9,1394,-5.3,0.0,Autumn,No Holiday,Yes,2018,11,29,3,0,0,789
0,1.8,62,1.6,1411,-4.7,0.0,Autumn,No Holiday,Yes,2018,11,30,4,0,0,371
1,1.3,63,2.0,1379,-4.9,0.0,Autumn,No Holiday,Yes,2018,11,30,4,0,0,337
2,0.6,66,0.5,1368,-5.0,0.0,Autumn,No Holiday,Yes,2018,11,30,4,0,0,260
3,-0.1,69,0.9,1338,-5.1,0.0,Autumn,No Holiday,Yes,2018,11,30,4,0,0,174
4,-0.4826499423407879,71,0.4,1345,-5.1,0.0,Autumn,No Holiday,Yes,2018,11,30,4,0,0,139
5,-0.7,66,0.5,1336,-6.2,0.0,Autumn,No Holiday,Yes,2018,11,30,4,0,0,132
6,-0.8,68,0.8,1322,-5.9,0.0,Autumn,No Holiday,Yes,2018,11,30,4,0,0,247
7,-1.2,70,0.8,1351,-5.9,0.0,Autumn,No Holiday,Yes,2018,11,30,4,0,0,884
8,-1.5,68,1.1,1286,-6.6,0.02,Autumn,No Holiday,Yes,2018,11,30,4,0,0,1068
9,-0.4,57,0.6,1270,-7.8,0.45,Autumn,No Holiday,Yes,2018,11,30,4,0,0,999
10,1.9,51,0.8,1029,-7.1,1.01,Autumn,No Holiday,Yes,2018,11,30,4,0,0,933
11,5.3,43,1.8,1177,-6.2,1.38,Autumn,No Holiday,Yes,2018,11,30,4,0,0,866
12,6.6,35,1.3,1409,-7.8,1.7,Autumn,No Holiday,Yes,2018,11,30,4,0,0,786
13,7.1,24,2.8,1838,-12.1,1.83,Autumn,No Holiday,Yes,2018,11,30,4,0,0,801
14,7.8,20,2.2,2000,-13.8,1.67,Autumn,No Holiday,Yes,2018,11,30,4,0,0,839
15,7.0,20,3.3,1994,-14.4,1.21,Autumn,No Holiday,Yes,2018,11,30,4,0,0,875
16,7.2,23,1.5,1945,-12.6,0.72,Autumn,No Holiday,Yes,2018,11,30,4,0,0,906
17,6.0,29,2.1,1877,-10.7,0.23,Autumn,No Holiday,Yes,2018,11,30,4,0,0,1039
18,4.7,34,1.9,1661,-9.8,0.0,Autumn,No Holiday,Yes,2018,11,30,4,0,0,962
19,4.2,34,2.6,1894,-10.3,0.0,Autumn,No Holiday,Yes,2018,11,30,4,0,0,916
20,3.4,37,2.3,2000,-9.9,0.0,Autumn,No Holiday,Yes,2018,11,30,4,0,0,876
21,2.6,39,0.3,1968,-9.9,0.0,Autumn,No Holiday,Yes,2018,11,30,4,0,0,940
22,2.1,41,1.0,1859,-9.8,0.0,Autumn,No Holiday,Yes,2018,11,30,4,0,0,892
23,1.9,43,1.3,1909,-9.3,0.0,Autumn,No Holiday,Yes,2018,11,30,4,0,0,775
